district,population,area
north,1.401300,4473
haifa,.996300,866
central,2.115800,1294
telaviv,1.388400,172
jerusalem,1.083300,653
south,1.244200,14185